Rk,Year,Lg,Rd,Pk,Tm,Player,Age,Pos,Born,College,From,To,G,MP,PTS,TRB,AST,STL,BLK,FG%,2P%,3P%,FT%,WS,WS/48
1,2009,NBA,1,1,LAC,Blake Griffin,20.106,F,us,Oklahoma,2011,2020,622,34.8,21.7,8.8,4.4,0.9,0.5,0.498,0.521,0.333,0.694,75.2,0.167
2,2009,NBA,1,2,MEM,Hasheem Thabeet,22.135,C,tz,UConn,2010,2014,224,10.5,2.2,2.7,0.1,0.3,0.8,0.567,0.567,,0.578,4.8,0.099
3,2009,NBA,1,3,OKC,James Harden,19.308,G,us,Arizona State,2010,2020,826,34.3,25.1,5.3,6.3,1.6,0.5,0.442,0.509,0.363,0.858,133.3,0.226
4,2009,NBA,1,4,SAC,Tyreke Evans,19.284,G-F,us,Memphis,2010,2019,594,30.7,15.7,4.6,4.8,1.2,0.4,0.44,0.468,0.323,0.757,28.4,0.075
5,2009,NBA,1,5,MIN,Ricky Rubio,18.252,G,es,NA,2012,2020,555,30.9,11.3,4.2,7.8,1.9,0.1,0.391,0.416,0.326,0.84,36.4,0.102
6,2009,NBA,1,6,MIN,Jonny Flynn,20.144,G,us,Syracuse,2010,2012,163,22.9,9.2,1.9,3.9,0.7,0,0.4,0.42,0.338,0.809,-1.1,-0.015
7,2009,NBA,1,7,GSW,Stephen Curry,21.108,G,us,Davidson,2010,2020,699,34.3,23.5,4.5,6.6,1.7,0.2,0.476,0.515,0.435,0.906,103.2,0.207
8,2009,NBA,1,8,NYK,Jordan Hill,21.339,C-F,us,Arizona,2010,2017,409,18.8,7.9,5.8,0.8,0.4,0.7,0.497,0.499,0.136,0.699,16.4,0.102
9,2009,NBA,1,9,TOR,DeMar DeRozan,19.327,G-F,us,USC,2010,2020,813,34.2,20,4.4,3.6,1,0.3,0.457,0.475,0.283,0.829,66.5,0.115
10,2009,NBA,1,10,MIL,Brandon Jennings,19.28,G,us,NA,2010,2018,555,30.3,14.1,3,5.7,1.2,0.2,0.387,0.412,0.345,0.796,29.9,0.085
11,2009,NBA,1,11,NJN,Terrence Williams,22.003,F,us,Louisville,2010,2013,153,19.1,7.1,3.6,2.4,0.5,0.1,0.412,0.432,0.317,0.659,-0.2,-0.004
12,2009,NBA,1,12,CHA,Gerald Henderson,21.204,G,us,Duke,2010,2017,535,25.9,11.2,3.2,1.9,0.7,0.3,0.44,0.46,0.327,0.793,18.3,0.063
13,2009,NBA,1,13,IND,Tyler Hansbrough,23.24,F,us,UNC,2010,2016,428,16.9,6.7,4.2,0.4,0.5,0.2,0.439,0.442,0.136,0.738,20.2,0.134
14,2009,NBA,1,14,PHO,Earl Clark,21.165,F,us,Louisville,2010,2015,261,13.9,4.4,3,0.5,0.3,0.5,0.403,0.424,0.328,0.664,2.9,0.038
15,2009,NBA,1,15,DET,Austin Daye,21.025,F,us,Gonzaga,2010,2015,293,14.1,5.2,2.6,0.7,0.4,0.4,0.402,0.433,0.351,0.778,4.5,0.053
16,2009,NBA,1,16,CHI,James Johnson,22.131,F,us,Wake Forest,2010,2020,634,20.6,8,3.6,2.1,0.8,0.9,0.477,0.533,0.31,0.693,24.6,0.09
17,2009,NBA,1,17,PHI,Jrue Holiday,19.018,G,us,UCLA,2010,2020,707,33.3,15.9,3.9,6.4,1.5,0.5,0.452,0.488,0.355,0.777,43,0.088
18,2009,NBA,1,18,MIN,Ty Lawson,21.24,G,us,UNC,2010,2017,551,29.2,12.7,2.7,6,1.2,0.1,0.46,0.493,0.359,0.77,42.1,0.126
19,2009,NBA,1,19,ATL,Jeff Teague,21.02,G,us,Wake Forest,2010,2020,771,27.5,12.6,2.5,5.8,1.2,0.3,0.445,0.474,0.356,0.844,50.8,0.115
20,2009,NBA,1,20,UTA,Eric Maynor,22.02,G,us,Virginia Commonwealth,2010,2014,267,14.6,4.3,1.3,2.8,0.4,0.1,0.392,0.409,0.35,0.721,3.3,0.041
21,2009,NBA,1,21,NOH,Darren Collison,21.312,G,us,UCLA,2010,2019,708,29.4,12.5,2.7,5,1.2,0.1,0.471,0.495,0.394,0.853,49.9,0.115
22,2009,NBA,1,22,POR,Victor Claver,20.304,F,es,NA,2013,2015,80,13.4,3.2,2.2,0.7,0.4,0.2,0.398,0.489,0.293,0.585,0.2,0.011
23,2009,NBA,1,23,SAC,Omri Casspi,21.008,F,il,NA,2010,2019,588,20.3,7.9,4,1.1,0.6,0.2,0.454,0.502,0.368,0.678,19.6,0.078
24,2009,NBA,1,24,DAL,Byron Mullens,20.136,C,us,Ohio State,2010,2014,189,18.2,7.4,4.2,0.8,0.4,0.5,0.408,0.438,0.319,0.706,0.6,0.008
25,2009,NBA,1,25,OKC,Rodrigue Beaubois,21.127,G,gp,NA,2010,2013,182,15.9,7.1,1.9,2.1,0.7,0.3,0.439,0.5,0.325,0.81,4.8,0.079
26,2009,NBA,1,26,CHI,Taj Gibson,24.007,F,us,USC,2010,2020,799,25.1,9.5,6.3,1,0.6,1,0.515,0.521,0.22,0.709,52.4,0.125
27,2009,NBA,1,27,MEM,DeMarre Carroll,22.339,F,us,Missouri,2010,2020,575,23.7,8.9,4.3,1.3,0.9,0.3,0.43,0.485,0.358,0.74,29.4,0.104
28,2009,NBA,1,28,MIN,Wayne Ellington,21.214,G,us,UNC,2010,2020,681,21,8,2.2,1.1,0.5,0.1,0.408,0.446,0.378,0.846,18.2,0.061
29,2009,NBA,1,29,LAL,Toney Douglas,23.107,G,us,Florida State,2010,2017,394,19.1,7.6,2.2,2.3,0.9,0.1,0.404,0.448,0.354,0.824,12.1,0.077
30,2009,NBA,1,30,CLE,Christian Eyenga,20.008,F,cd,NA,2011,2012,51,20.6,6.3,2.7,0.8,0.7,0.6,0.411,0.464,0.277,0.611,-0.4,-0.02
31,2008,NBA,1,1,CHI,Derrick Rose,19.27,G,us,Memphis,2009,2020,596,32.6,18.8,3.4,5.6,0.8,0.3,0.456,0.485,0.304,0.827,39.7,0.098
32,2008,NBA,1,2,MIA,Michael Beasley,19.173,F,us,Kansas State,2009,2019,609,22.8,12.4,4.7,1.3,0.6,0.5,0.465,0.481,0.349,0.759,15.6,0.054
33,2008,NBA,1,3,MIN,O.J. Mayo,20.239,G,us,USC,2009,2016,547,30.9,13.8,3.1,2.9,1,0.3,0.429,0.459,0.373,0.82,21.8,0.062
34,2008,NBA,1,4,SEA,Russell Westbrook,19.231,G,us,UCLA,2009,2020,874,34.6,23.2,7.1,8.3,1.8,0.3,0.437,0.469,0.304,0.8,101.3,0.161
35,2008,NBA,1,5,MEM,Kevin Love,19.297,F,us,UCLA,2009,2020,713,32,18.2,11.1,2.4,0.7,0.5,0.442,0.48,0.37,0.828,82,0.173
36,2008,NBA,1,6,NYK,Danilo Gallinari,19.327,F,it,NA,2009,2020,604,31,16.2,4.9,2,0.8,0.4,0.427,0.465,0.381,0.872,56.1,0.144
37,2008,NBA,1,7,LAC,Eric Gordon,19.188,G,us,Indiana,2009,2020,663,32.8,16.6,2.5,2.9,0.9,0.3,0.425,0.475,0.37,0.811,34.3,0.076
38,2008,NBA,1,8,MIL,Joe Alexander,21.188,F,tw,West Virginia,2009,2010,67,11.1,4.2,1.8,0.7,0.2,0.4,0.41,0.426,0.34,0.698,0.5,0.03
39,2008,NBA,1,9,CHA,D.J. Augustin,20.234,G,us,Texas,2009,2020,856,24.1,9.9,1.9,4,0.6,0,0.412,0.438,0.379,0.865,44.5,0.103
40,2008,NBA,1,10,NJN,Brook Lopez,20.091,C,us,Stanford,2009,2020,778,30.6,16.8,6.4,1.5,0.6,1.8,0.494,0.522,0.338,0.792,64.7,0.13
41,2008,NBA,1,11,IND,Jerryd Bayless,19.315,G,us,Arizona,2009,2019,586,21.3,8.4,2.1,2.9,0.6,0.1,0.411,0.436,0.361,0.818,18.6,0.072
42,2008,NBA,1,12,SAC,Jason Thompson,21.346,F-C,us,Rider University,2009,2016,588,25.2,8.9,6.6,1.1,0.5,0.7,0.496,0.5,0.143,0.657,23.8,0.077
43,2008,NBA,1,13,POR,Brandon Rush,22.36,G-F,us,Kansas,2009,2017,481,22,6.8,2.9,1,0.5,0.5,0.426,0.447,0.402,0.706,11.2,0.051
44,2008,NBA,1,14,GSW,Anthony Randolph,18.351,F,de,LSU,2009,2014,252,15.2,7.1,4.3,0.7,0.6,0.9,0.453,0.466,0.241,0.74,5.8,0.072
45,2008,NBA,1,15,PHO,Robin Lopez,20.091,C,us,Stanford,2009,2020,826,22.4,8.8,5.1,0.8,0.2,1.2,0.529,0.535,0.299,0.751,44.7,0.116
46,2008,NBA,1,16,PHI,Marreese Speights,20.332,C-F,us,Florida,2009,2018,705,15.1,7.9,4.1,0.7,0.3,0.5,0.459,0.475,0.356,0.797,25.8,0.116
47,2008,NBA,1,17,TOR,Roy Hibbert,21.203,C,us,Georgetown,2009,2017,662,24.8,10,6.3,1.3,0.4,1.7,0.465,0.466,0.25,0.755,35.9,0.105
48,2008,NBA,1,18,WAS,JaVale McGee,20.164,C,us,Nevada,2009,2020,694,17.3,7.9,5.1,0.4,0.4,1.5,0.575,0.578,0.152,0.592,36.4,0.145
49,2008,NBA,1,19,CLE,J.J. Hickson,19.3,F-C,us,NC State,2009,2016,534,22.3,9.5,6.8,0.8,0.5,0.6,0.505,0.508,0,0.617,21.9,0.088
50,2008,NBA,1,20,CHA,Alexis Ajinça,20.056,C-F,fr,NA,2009,2017,293,13.3,5.3,3.9,0.5,0.3,0.6,0.503,0.51,0.286,0.797,7.5,0.093
51,2008,NBA,1,21,NJN,Ryan Anderson,20.056,F,us,California,2009,2020,649,25.8,12.3,5.3,0.9,0.5,0.3,0.422,0.47,0.38,0.854,46.7,0.134
52,2008,NBA,1,22,ORL,Courtney Lee,22.272,G,us,Western Kentucky,2009,2020,811,27.1,9.6,2.6,1.7,1,0.3,0.451,0.484,0.388,0.853,39.4,0.086
53,2008,NBA,1,23,UTA,Kosta Koufos,19.127,C,us,Ohio State,2009,2019,686,16.4,5.7,5,0.5,0.4,0.7,0.534,0.535,0,0.582,28.3,0.12
54,2008,NBA,1,24,SEA,Serge Ibaka,18.286,F-C,cg,NA,2010,2020,803,28.6,12.6,7.4,0.8,0.4,2.1,0.514,0.548,0.361,0.76,67.8,0.141
55,2008,NBA,1,25,HOU,Nicolas Batum,19.199,F-G,fr,NA,2009,2020,789,31.3,11.6,5.2,3.8,0.9,0.6,0.434,0.503,0.357,0.841,54.7,0.106
56,2008,NBA,1,26,SAS,George Hill,22.059,G,us,IUPUI,2009,2020,778,27.7,11.1,3.1,3.2,0.9,0.3,0.457,0.5,0.385,0.803,65,0.145
57,2008,NBA,1,27,NOH,Darrell Arthur,20.098,F,us,Kansas,2009,2018,503,17.8,6.5,3.5,0.8,0.6,0.6,0.444,0.46,0.352,0.765,12.3,0.066
58,2008,NBA,1,28,MEM,Donté Greene,20.131,F,de,Syracuse,2009,2012,253,16.8,6.1,2.4,0.7,0.4,0.5,0.406,0.467,0.304,0.701,1.5,0.017
59,2008,NBA,1,29,DET,D.J. White,21.305,F,us,Indiana,2009,2014,138,15.3,5.9,3.2,0.6,0.3,0.4,0.507,0.507,0.333,0.72,3.8,0.087
60,2008,NBA,1,30,BOS,J.R. Giddens,23.139,G,us,New Mexico,2009,2010,38,6.5,1.9,1.4,0.3,0.3,0.1,0.476,0.566,0,0.565,0.1,0.027
61,2007,NBA,1,1,POR,Greg Oden,19.162,C,us,Ohio State,2009,2014,105,19.3,8,6.2,0.5,0.4,1.2,0.574,0.574,,0.658,7.3,0.174
62,2007,NBA,1,2,SEA,Kevin Durant,18.276,F-G,us,Texas,2008,2019,849,36.9,27,7.1,4.1,1.1,1.1,0.493,0.532,0.381,0.883,141.7,0.217
63,2007,NBA,1,3,ATL,Al Horford,21.03,C-F,do,Florida,2008,2020,846,32.7,14,8.3,3.3,0.8,1.2,0.52,0.544,0.361,0.754,90.7,0.158
64,2007,NBA,1,4,MEM,Mike Conley,19.265,G,us,Ohio State,2008,2020,829,32.4,14.8,3,5.7,1.4,0.2,0.439,0.468,0.375,0.818,73.5,0.131
65,2007,NBA,1,5,BOS,Jeff Green,20.309,F,us,Georgetown,2008,2020,900,29.5,13,4.4,1.6,0.7,0.5,0.441,0.484,0.334,0.805,41.6,0.075
66,2007,NBA,1,6,MIL,Yi Jianlian,19.249,F,cn,NA,2008,2012,272,22.2,7.9,4.9,0.7,0.5,0.7,0.404,0.413,0.333,0.78,3.1,0.025
67,2007,NBA,1,7,MIN,Corey Brewer,21.12,F-G,us,Florida,2008,2019,814,23,8.7,2.8,1.5,1.3,0.3,0.425,0.48,0.284,0.713,22.5,0.058
68,2007,NBA,1,8,CHA,Brandan Wright,19.271,F-C,us,UNC,2008,2018,428,16.2,7,3.6,0.5,0.5,1,0.607,0.61,0,0.674,26.2,0.181
69,2007,NBA,1,9,CHI,Joakim Noah,22.128,C,us,Florida,2008,2019,667,27.9,8.8,9.1,2.8,0.8,1.3,0.491,0.493,0,0.7,61.8,0.16
70,2007,NBA,1,10,SAC,Spencer Hawes,19.065,C-F,us,Washington,2008,2017,684,22.7,8.7,5.7,1.9,0.4,1,0.457,0.482,0.35,0.716,22.6,0.07
71,2007,NBA,1,11,ATL,Acie Law,22.159,G,us,Texas A&M,2008,2011,188,12.7,3.9,1,1.6,0.4,0,0.413,0.452,0.235,0.778,1.6,0.032
72,2007,NBA,1,12,PHI,Thaddeus Young,19.011,F,us,Georgia Tech,2008,2020,965,30.3,13.2,5.9,1.7,1.5,0.4,0.498,0.523,0.333,0.67,61.6,0.101
73,2007,NBA,1,13,NOK,Julian Wright,20.044,F,us,Kansas,2008,2011,231,13.2,3.9,2.3,0.8,0.6,0.3,0.499,0.519,0.262,0.584,3.9,0.061
74,2007,NBA,1,14,LAC,Al Thornton,23.209,F,us,Florida State,2008,2011,296,28,11.9,4.2,1.2,0.6,0.5,0.452,0.467,0.293,0.747,6.1,0.035
75,2007,NBA,1,15,DET,Rodney Stuckey,21.073,G,us,Eastern Washington,2008,2017,651,27.5,12.6,2.9,3.6,0.9,0.1,0.423,0.442,0.3,0.824,28.7,0.077
76,2007,NBA,1,16,WAS,Nick Young,22.032,G-F,us,USC,2008,2019,720,22.8,11.4,2,1,0.5,0.2,0.418,0.446,0.376,0.836,18.6,0.054
77,2007,NBA,1,17,NJN,Sean Williams,20.293,C-F,us,Boston College,2008,2012,137,14.4,4.2,3.4,0.3,0.3,1.2,0.511,0.512,0,0.624,3,0.073
78,2007,NBA,1,18,GSW,Marco Belinelli,21.1,G-F,it,NA,2008,2020,855,22.7,9.7,2.1,1.7,0.6,0.1,0.424,0.465,0.376,0.845,30.2,0.075
79,2007,NBA,1,19,LAL,Javaris Crittenton,19.184,G,us,Georgia Tech,2008,2009,113,16.4,5.3,2.4,1.8,0.5,0.1,0.442,0.466,0.231,0.638,0.1,0.002
80,2007,NBA,1,20,MIA,Jason Smith,21.123,F-C,us,Colorado State,2008,2019,616,16.3,6.1,3.4,0.7,0.3,0.7,0.468,0.479,0.333,0.783,14.1,0.067
81,2007,NBA,1,21,PHI,Daequan Cook,20.066,G,us,Ohio State,2008,2013,328,18.3,6.4,2.1,0.7,0.4,0.1,0.369,0.383,0.359,0.813,4.9,0.039
82,2007,NBA,1,22,CHA,Jared Dudley,21.358,F-G,us,Boston College,2008,2020,887,22.5,7.5,3.2,1.6,0.8,0.2,0.464,0.517,0.394,0.732,42.8,0.103
83,2007,NBA,1,23,NYK,Wilson Chandler,20.054,F,us,DePaul,2008,2020,676,30,12.5,5.3,1.8,0.7,0.6,0.443,0.497,0.341,0.77,29,0.069
84,2007,NBA,1,24,PHO,Rudy Fernández,22.09,G,es,NA,2009,2012,249,24,9.1,2.4,2.2,1,0.2,0.399,0.463,0.36,0.84,14.2,0.114
85,2007,NBA,1,25,UTA,Morris Almond,22.151,G,us,Rice University,2008,2012,38,9.5,3.1,1.2,0.3,0.3,0.1,0.381,0.404,0.292,0.743,0,0.005
86,2007,NBA,1,26,HOU,Aaron Brooks,22.17,G,us,Oregon,2008,2018,645,20.8,9.7,1.7,3,0.6,0.1,0.413,0.442,0.37,0.837,19.2,0.069
87,2007,NBA,1,27,DET,Arron Afflalo,21.261,G-F,us,UCLA,2008,2018,762,27.3,10.8,2.9,1.8,0.4,0.2,0.45,0.481,0.386,0.825,33.5,0.077
88,2007,NBA,1,28,SAS,Tiago Splitter,22.183,F-C,br,NA,2011,2017,355,19.2,7.9,5,1.2,0.6,0.6,0.555,0.558,0.143,0.697,25.3,0.178
89,2007,NBA,1,29,PHO,Alando Tucker,23.143,F,us,Wisconsin,2008,2010,51,8.4,4.1,1,0.3,0.1,0,0.423,0.453,0.294,0.783,0.4,0.045
90,2007,NBA,1,30,PHI,Petteri Koponen,19.08,G,fi,NA,,,,,,,,,,,,,,,
91,2006,NBA,1,1,TOR,Andrea Bargnani,20.25,F-C,it,NA,2007,2016,550,28.7,14.3,4.6,1.2,0.4,0.9,0.439,0.47,0.354,0.824,18.9,0.057
92,2006,NBA,1,2,CHI,LaMarcus Aldridge,20.349,F-C,us,Texas,2007,2020,1003,34.4,19.5,8.3,2,0.7,1.1,0.491,0.498,0.312,0.811,111.4,0.155
93,2006,NBA,1,3,CHA,Adam Morrison,21.349,F,us,Gonzaga,2007,2010,161,20.4,7.5,2.1,1.4,0.2,0.1,0.373,0.391,0.331,0.71,-1.4,-0.021
94,2006,NBA,1,4,POR,Tyrus Thomas,19.32,F,us,LSU,2007,2015,402,19.7,7.7,4.8,0.9,0.8,1.3,0.438,0.44,0.235,0.732,13,0.078
95,2006,NBA,1,5,ATL,Shelden Williams,22.256,F,us,Duke,2007,2012,361,15.5,4.5,4.3,0.5,0.5,0.5,0.462,0.464,0.222,0.74,9.9,0.085
96,2006,NBA,1,6,MIN,Brandon Roy,21.345,G,us,Washington,2007,2013,326,35.5,18.8,4.3,4.7,1,0.2,0.459,0.485,0.348,0.8,37.4,0.155
97,2006,NBA,1,7,BOS,Randy Foye,22.283,G,us,Villanova,2007,2017,752,25.6,10.3,2.2,2.8,0.7,0.3,0.401,0.429,0.366,0.852,23.5,0.058
98,2006,NBA,1,8,HOU,Rudy Gay,19.32,F,us,UConn,2007,2020,939,33.2,17.1,5.9,2.2,1.2,0.8,0.456,0.484,0.345,0.798,56.4,0.087
99,2006,NBA,1,9,GSW,Patrick O'Bryant,20.013,C,us,Bradley,2007,2010,90,5.8,2.1,1.4,0.3,0.2,0.4,0.494,0.503,0,0.583,0.5,0.046
100,2006,NBA,1,10,SEA,Mouhamed Sene,20.052,C-F,sn,NA,2007,2009,47,5.5,2.2,1.6,0,0.1,0.5,0.427,0.427,,0.589,0.3,0.052
101,2006,NBA,1,11,ORL,J.J. Redick,22.009,G,us,Duke,2007,2020,890,25.9,13,2.1,2,0.5,0.1,0.448,0.482,0.416,0.891,62.6,0.13
102,2006,NBA,1,12,NOK,Hilton Armstrong,21.234,F-C,us,UConn,2007,2014,292,11.6,3,2.6,0.3,0.3,0.5,0.501,0.503,0.286,0.582,3.9,0.055
103,2006,NBA,1,13,PHI,Thabo Sefolosha,22.062,G-F,ch,NA,2007,2020,869,21.9,5.7,3.7,1.4,1.1,0.4,0.449,0.502,0.349,0.732,39.3,0.099
104,2006,NBA,1,14,UTA,Ronnie Brewer,21.105,G-F,us,Arkansas,2007,2014,502,23,7.8,2.8,1.6,1.2,0.2,0.49,0.52,0.254,0.675,30.4,0.127
105,2006,NBA,1,15,NOK,Cedric Simmons,20.181,F,us,NC State,2007,2009,75,9.4,2.2,1.9,0.2,0.1,0.4,0.409,0.409,,0.39,0.1,0.005
106,2006,NBA,1,16,CHI,Rodney Carney,22.079,F,us,Memphis,2007,2011,299,15.4,5.9,2,0.4,0.5,0.3,0.422,0.471,0.338,0.704,6.2,0.064
107,2006,NBA,1,17,IND,Shawne Williams,20.137,F,us,Memphis,2007,2015,314,17.1,5.6,3,0.7,0.4,0.5,0.403,0.469,0.339,0.755,6.7,0.06
108,2006,NBA,1,18,WAS,Oleksiy Pecherov,20.207,C,ua,NA,2008,2010,111,9.4,3.9,2.4,0.2,0.2,0.2,0.386,0.444,0.29,0.793,0.5,0.025
109,2006,NBA,1,19,SAC,Quincy Douby,22.048,G,us,Rutgers University,2007,2009,143,10.7,4.1,1.1,0.7,0.3,0.1,0.389,0.436,0.312,0.884,0,0
110,2006,NBA,1,20,NYK,Renaldo Balkman,21.354,F,us,South Carolina,2007,2012,221,13.9,4,3.5,0.6,0.7,0.5,0.51,0.543,0.172,0.542,7.2,0.113
111,2006,NBA,1,21,PHO,Rajon Rondo,20.131,G,us,Kentucky,2007,2020,873,31,10.2,4.7,8.3,1.7,0.1,0.458,0.483,0.316,0.606,59.9,0.106
112,2006,NBA,1,22,NJN,Marcus Williams,20.212,G,us,UConn,2007,2010,203,15.2,5.6,1.8,2.8,0.4,0,0.386,0.421,0.321,0.767,0,-0.001
113,2006,NBA,1,23,NJN,Josh Boone,21.224,F-C,us,UConn,2007,2010,256,17.5,5.2,4.9,0.5,0.4,0.7,0.544,0.544,,0.445,9.1,0.097
114,2006,NBA,1,24,MEM,Kyle Lowry,20.1,G,us,Villanova,2007,2020,908,31.6,14.7,4.3,6.2,1.4,0.3,0.423,0.471,0.366,0.809,93.5,0.157
115,2006,NBA,1,25,CLE,Shannon Brown,20.216,G,us,Michigan State,2007,2015,408,18,7.6,1.9,1.1,0.7,0.2,0.42,0.456,0.332,0.807,9.2,0.06
116,2006,NBA,1,26,LAL,Jordan Farmar,19.215,G,us,UCLA,2007,2017,504,19.5,7.7,1.9,2.9,0.8,0.1,0.423,0.463,0.374,0.739,13.9,0.068
117,2006,NBA,1,27,PHO,Sergio Rodríguez,20.021,G,es,NA,2007,2017,353,15,4.9,1.5,3.4,0.6,0,0.409,0.451,0.337,0.739,4.3,0.039
118,2006,NBA,1,28,DAL,Maurice Ager,22.145,G,us,Michigan State,2007,2011,82,6.2,2.1,0.6,0.2,0.1,0.1,0.339,0.366,0.25,0.566,-0.9,-0.089
119,2006,NBA,1,29,NYK,Mardy Collins,21.333,G,us,Temple,2007,2010,189,14.7,3.9,1.8,1.7,0.6,0.1,0.38,0.396,0.299,0.599,-1.6,-0.027
120,2006,NBA,1,30,POR,Joel Freeland,19.146,F-C,gb,NA,2013,2015,151,12.1,3.2,3.4,0.4,0.2,0.4,0.459,0.461,0,0.728,3.2,0.084
121,2005,NBA,1,1,MIL,Andrew Bogut,20.217,C,au,Utah,2006,2019,706,28.1,9.6,8.7,2.2,0.6,1.5,0.535,0.537,0.12,0.557,50.6,0.122
122,2005,NBA,1,2,ATL,Marvin Williams,19.014,F,us,UNC,2006,2020,1066,28.2,10.3,5.2,1.3,0.8,0.5,0.443,0.482,0.362,0.808,64.8,0.104
123,2005,NBA,1,3,UTA,Deron Williams,21.007,G,us,Illinois,2006,2017,845,34.2,16.3,3.1,8.1,1,0.2,0.445,0.482,0.357,0.822,77.3,0.129
124,2005,NBA,1,4,NOH,Chris Paul,20.058,G,us,Wake Forest,2006,2020,1013,34.9,18.5,4.5,9.5,2.2,0.1,0.47,0.507,0.37,0.87,179.5,0.244
125,2005,NBA,1,5,CHA,Raymond Felton,21.007,G,us,UNC,2006,2019,971,29.7,11.2,3,5.2,1.2,0.2,0.412,0.445,0.329,0.79,40.2,0.067
126,2005,NBA,1,6,POR,Martell Webster,18.211,G-F,us,NA,2006,2015,580,24,8.7,3.1,1,0.5,0.3,0.418,0.454,0.382,0.791,24.7,0.085
127,2005,NBA,1,7,TOR,Charlie Villanueva,20.313,F,us,UConn,2006,2016,656,20.7,10.4,4.6,0.8,0.5,0.5,0.435,0.484,0.341,0.772,22.6,0.08
128,2005,NBA,1,8,NYK,Channing Frye,22.048,C-F,us,Arizona,2006,2019,890,22.2,8.7,4.5,1,0.5,0.6,0.44,0.477,0.388,0.822,38.9,0.094
129,2005,NBA,1,9,GSW,Ike Diogu,21.296,F,us,Arizona State,2006,2012,225,12.4,6,3.1,0.3,0.2,0.3,0.509,0.509,0.5,0.786,6.5,0.112
130,2005,NBA,1,10,LAL,Andrew Bynum,17.249,C,us,NA,2006,2014,418,25.6,11.5,7.7,1.2,0.3,1.6,0.556,0.557,0.111,0.69,37.4,0.168
131,2005,NBA,1,11,ORL,Fran Vázquez,22.064,,es,NA,,,,,,,,,,,,,,,
132,2005,NBA,1,12,LAC,Yaroslav Korolev,18.057,F,ru,NA,2006,2007,34,4.9,1.1,0.5,0.4,0.2,0,0.283,0.294,0.25,0.625,-0.1,-0.024
133,2005,NBA,1,13,CHA,Sean May,21.09,F,us,UNC,2006,2010,119,15.7,6.9,4,1,0.4,0.4,0.458,0.462,0.231,0.746,2.6,0.068
134,2005,NBA,1,14,MIN,Rashad McCants,20.281,G,us,UNC,2006,2009,249,20.2,10,2,1.3,0.7,0.2,0.431,0.467,0.368,0.741,3.6,0.035
135,2005,NBA,1,15,NJN,Antoine Wright,21.148,G-F,us,Texas A&M,2006,2011,297,19.2,5.4,2.3,1,0.5,0.2,0.412,0.467,0.304,0.674,3.1,0.026
136,2005,NBA,1,16,TOR,Joey Graham,23.023,F,us,Oklahoma State,2006,2011,377,16.2,5.9,2.8,0.5,0.4,0.1,0.483,0.503,0.3,0.815,7.8,0.061
137,2005,NBA,1,17,IND,Danny Granger,22.075,F,us,New Mexico,2006,2015,586,31.5,16.8,4.9,1.9,1,0.8,0.434,0.463,0.38,0.848,48.5,0.126
138,2005,NBA,1,18,BOS,Gerald Green,19.158,G-F,us,NA,2006,2019,658,19.8,9.7,2.5,0.9,0.5,0.3,0.417,0.469,0.361,0.818,18.4,0.068
139,2005,NBA,1,19,MEM,Hakim Warrick,22.361,F,us,Syracuse,2006,2013,526,20.2,9.4,4,0.8,0.4,0.3,0.49,0.499,0.191,0.726,20.4,0.092
140,2005,NBA,1,20,DEN,Julius Hodge,21.228,G,us,NC State,2006,2007,23,4.3,1.2,0.7,0.8,0.3,0,0.44,0.44,,0.5,0,0.003
141,2005,NBA,1,21,PHO,Nate Robinson,21.033,G,us,Washington,2006,2016,618,22.5,11,2.3,3,0.9,0.1,0.423,0.463,0.36,0.796,27.8,0.096
142,2005,NBA,1,22,DEN,Jarrett Jack,21.249,G,us,Georgia Tech,2006,2018,867,27.8,10.8,2.9,4.6,0.8,0.1,0.44,0.47,0.343,0.855,36.8,0.073
143,2005,NBA,1,23,SAC,Francisco García,23.185,F-G,do,Louisville,2006,2015,549,21.6,7.9,2.6,1.4,0.8,0.7,0.427,0.484,0.357,0.799,18.2,0.074
144,2005,NBA,1,24,HOU,Luther Head,22.22,G,us,Illinois,2006,2011,348,22.4,8.2,2.4,2.1,0.7,0.1,0.423,0.454,0.388,0.773,14.7,0.09
145,2005,NBA,1,25,SEA,Johan Petro,19.157,C,fr,NA,2006,2013,473,15.4,4.7,3.9,0.5,0.4,0.5,0.462,0.464,0.154,0.678,5.5,0.037
146,2005,NBA,1,26,DET,Jason Maxiell,22.136,F,us,Cincinnati,2006,2015,618,18.4,5.6,4.2,0.4,0.4,0.8,0.495,0.496,0,0.564,20.3,0.086
147,2005,NBA,1,27,POR,Linas Kleiza,20.181,F,lt,Missouri,2006,2013,409,20,8.7,3.6,0.8,0.4,0.2,0.435,0.501,0.335,0.763,13.6,0.08
148,2005,NBA,1,28,SAS,Ian Mahinmi,18.24,C,fr,NA,2008,2020,618,16.8,5.2,4.4,0.6,0.6,0.7,0.533,0.541,0.16,0.612,26,0.121
149,2005,NBA,1,29,MIA,Wayne Simien,22.117,F,us,Kansas,2006,2007,51,9.9,3.3,1.9,0.2,0.3,0,0.469,0.469,,0.854,0.9,0.083
150,2005,NBA,1,30,NYK,David Lee,22.066,F,us,Florida,2006,2017,829,29.3,13.5,8.8,2.2,0.8,0.4,0.535,0.537,0.034,0.772,76,0.15
151,2004,NBA,1,1,ORL,Dwight Howard,18.203,C,us,NA,2005,2020,1106,33.6,16.8,12.3,1.4,0.9,1.9,0.586,0.589,0.132,0.565,133.9,0.173
152,2004,NBA,1,2,CHA,Emeka Okafor,21.275,C-F,us,UConn,2005,2018,616,30.9,12,9.7,0.8,0.7,1.6,0.512,0.512,0,0.586,45.3,0.114
153,2004,NBA,1,3,CHI,Ben Gordon,21.087,G,gb,UConn,2005,2015,744,27.4,14.9,2.5,2.5,0.7,0.2,0.432,0.447,0.401,0.857,33.3,0.078
154,2004,NBA,1,4,LAC,Shaun Livingston,18.291,G,us,NA,2005,2019,833,20.6,6.3,2.4,3,0.7,0.4,0.486,0.491,0.178,0.794,29.9,0.084
155,2004,NBA,1,5,WAS,Devin Harris,21.123,G,us,Wisconsin,2005,2019,985,24.3,10.8,2.2,3.9,1,0.2,0.432,0.481,0.325,0.796,54.9,0.11
156,2004,NBA,1,6,ATL,Josh Childress,21.01,G-F,us,Stanford,2005,2014,391,26.7,9.1,4.7,1.6,0.9,0.5,0.522,0.548,0.329,0.779,25.7,0.118
157,2004,NBA,1,7,PHO,Luol Deng,19.074,F,ss,Duke,2005,2019,902,34.3,14.8,6.1,2.3,1,0.5,0.456,0.482,0.332,0.769,74,0.115
158,2004,NBA,1,8,TOR,Rafael Araújo,23.322,C,br,BYU,2005,2007,139,11.4,2.8,2.8,0.3,0.4,0.1,0.405,0.407,0.25,0.679,-0.4,-0.013
159,2004,NBA,1,9,PHI,Andre Iguodala,20.153,G-F,us,Arizona,2005,2020,1122,33.2,12,5.1,4.3,1.5,0.5,0.466,0.519,0.334,0.709,96.8,0.125
160,2004,NBA,1,10,CLE,Luke Jackson,22.236,F,us,Oregon,2005,2008,73,9.9,3.5,1.2,0.8,0.3,0,0.357,0.356,0.36,0.732,0.2,0.01
161,2004,NBA,1,11,GSW,Andris Biedri__,18.088,C,lv,NA,2005,2014,516,21.6,6.3,7,0.9,0.6,1.1,0.594,0.595,0,0.5,30.7,0.132
162,2004,NBA,1,12,SEA,Robert Swift,18.208,C,us,NA,2005,2009,97,15.5,4.3,3.9,0.2,0.3,0.9,0.506,0.506,,0.61,1.7,0.054
163,2004,NBA,1,13,POR,Sebastian Telfair,19.02,G,us,NA,2005,2015,564,21.5,7.4,1.6,3.5,0.7,0.1,0.39,0.419,0.319,0.777,5,0.02
164,2004,NBA,1,14,UTA,Kris Humphries,19.143,F-C,us,Minnesota,2005,2017,800,17.8,6.7,5.4,0.7,0.4,0.6,0.463,0.471,0.293,0.7,30.3,0.102
165,2004,NBA,1,15,BOS,Al Jefferson,19.176,C-F,us,NA,2005,2018,915,28.7,15.7,8.4,1.5,0.7,1.2,0.499,0.501,0.121,0.711,71,0.13
166,2004,NBA,1,16,UTA,Kirk Snyder,21.025,G,us,Nevada,2005,2008,211,16.8,6.3,2.3,1.1,0.4,0.3,0.438,0.475,0.327,0.699,4.5,0.061
167,2004,NBA,1,17,ATL,Josh Smith,18.206,F,us,NA,2005,2018,894,32.4,14.5,7.4,3.1,1.2,1.9,0.452,0.48,0.285,0.632,51,0.084
168,2004,NBA,1,18,NOH,J.R. Smith,18.293,G-F,us,NA,2005,2019,971,27,12.5,3.2,2.1,1,0.2,0.419,0.463,0.373,0.732,46.4,0.085
169,2004,NBA,1,19,MIA,Dorell Wright,18.209,F-G,us,NA,2005,2015,549,22.4,8.4,3.8,1.5,0.8,0.5,0.424,0.469,0.365,0.806,25.9,0.101
170,2004,NBA,1,20,DEN,Jameer Nelson,22.141,G,us,Saint Joseph's,2005,2018,878,27.9,11.3,3,5.1,0.9,0.1,0.436,0.474,0.368,0.81,48.3,0.094
171,2004,NBA,1,21,UTA,Pavel Podkolzin,19.165,C,ru,NA,2005,2006,6,4.7,0.7,1.5,0,0,0.2,0,0,,0.5,-0.1,-0.163
172,2004,NBA,1,22,NJN,Viktor Khryapa,21.331,F,ua,NA,2005,2008,143,16.4,4.5,3.4,1,0.6,0.3,0.443,0.457,0.292,0.658,2,0.041
173,2004,NBA,1,23,POR,Sergei Monia,21.076,F,ru,NA,2006,2006,26,13.2,3,2,0.7,0.3,0.2,0.333,0.377,0.265,0.714,-0.2,-0.025
174,2004,NBA,1,24,BOS,Delonte West,20.339,G,us,Saint Joseph's,2005,2012,432,27.4,9.7,2.9,3.6,1.1,0.4,0.448,0.479,0.372,0.826,24.5,0.099
175,2004,NBA,1,25,BOS,Tony Allen,22.17,G-F,us,Oklahoma State,2005,2018,820,22,8.1,3.5,1.3,1.4,0.4,0.475,0.492,0.282,0.709,38.7,0.103
176,2004,NBA,1,26,SAC,Kevin Martin,21.149,G,us,Western Carolina University,2005,2016,714,30.2,17.4,3.2,1.9,0.9,0.1,0.437,0.464,0.384,0.87,61.3,0.137
177,2004,NBA,1,27,LAL,Sasha Vuja_i_,20.113,G,si,NA,2005,2017,581,15.3,5.3,1.9,1.3,0.6,0.1,0.39,0.415,0.367,0.858,16,0.086
178,2004,NBA,1,28,SAS,Beno Udrih,21.36,G,si,NA,2005,2017,831,21.9,8.4,2.1,3.4,0.7,0.1,0.463,0.496,0.349,0.833,31.4,0.083
179,2004,NBA,1,29,IND,David Harrison,21.319,C,us,Colorado,2005,2008,189,14.2,5,2.9,0.2,0.3,1,0.53,0.53,,0.525,3.2,0.057
180,2003,NBA,1,1,CLE,LeBron James,18.182,F-G,us,NA,2004,2020,1258,38.4,27.1,7.4,7.4,1.6,0.8,0.504,0.549,0.344,0.735,236.1,0.235
181,2003,NBA,1,2,DET,Darko Mili_i_,18.01,F-C,rs,NA,2004,2013,468,18.5,6,4.2,0.9,0.4,1.3,0.46,0.461,0,0.574,7.1,0.04
182,2003,NBA,1,3,DEN,Carmelo Anthony,19.032,F,us,Syracuse,2004,2020,1114,35.7,23.6,6.5,2.9,1,0.5,0.448,0.472,0.348,0.812,102,0.123
183,2003,NBA,1,4,TOR,Chris Bosh,19.098,F-C,us,Georgia Tech,2004,2016,893,35.8,19.2,8.5,2,0.8,1,0.494,0.506,0.335,0.799,106,0.159
184,2003,NBA,1,5,MIA,Dwyane Wade,21.165,G,us,Marquette,2004,2019,1054,33.9,22,4.7,5.4,1.5,0.8,0.48,0.502,0.293,0.765,120.7,0.162
185,2003,NBA,1,6,LAC,Chris Kaman,21.064,C,us,Central Michigan University,2004,2016,735,26.7,11.2,7.6,1.3,0.4,1.3,0.489,0.49,0.042,0.743,24.6,0.06
186,2003,NBA,1,7,CHI,Kirk Hinrich,22.18,G,us,Kansas,2004,2016,879,30.7,10.9,2.9,4.8,1.1,0.3,0.411,0.432,0.375,0.8,52.5,0.093
187,2003,NBA,1,8,MIL,T.J. Ford,20.099,G,us,Texas,2004,2012,429,27.7,11.2,3.1,5.8,1.2,0.1,0.433,0.45,0.289,0.815,16.9,0.068
188,2003,NBA,1,9,NYK,Mike Sweetney,20.249,F,us,Georgetown,2004,2007,233,15.5,6.5,4.5,0.6,0.3,0.5,0.485,0.485,0,0.689,7.8,0.103
189,2003,NBA,1,10,WAS,Jarvis Hayes,21.326,F,us,Georgia,2004,2010,427,23.2,8.3,3.1,1.1,0.7,0.1,0.415,0.444,0.356,0.798,10.2,0.049
190,2003,NBA,1,11,GSW,Mickaël Piétrus,21.144,G-F,gp,NA,2004,2013,557,21.5,8.3,3.1,0.8,0.7,0.4,0.425,0.495,0.355,0.665,19.7,0.079
191,2003,NBA,1,12,SEA,Nick Collison,22.248,F,us,Kansas,2005,2018,910,20.4,5.9,5.2,1,0.5,0.5,0.534,0.542,0.208,0.723,44.5,0.115
192,2003,NBA,1,13,MEM,Marcus Banks,21.224,G,us,UNLV,2004,2011,348,16,5.9,1.5,2.1,0.8,0.2,0.432,0.462,0.327,0.768,6.6,0.057
193,2003,NBA,1,14,SEA,Luke Ridnour,22.138,G,us,Oregon,2004,2015,830,26.1,9.3,2.3,4.5,1,0.2,0.431,0.458,0.349,0.862,36,0.08
194,2003,NBA,1,15,ORL,Reece Gaines,22.175,G,us,Louisville,2004,2006,71,8.5,1.7,0.7,0.7,0.2,0,0.324,0.336,0.269,0.606,-0.6,-0.049
195,2003,NBA,1,16,BOS,Troy Bell,22.233,G,us,Boston College,2004,2004,6,5.7,1.8,0.7,0.7,0.2,0,0.222,0.286,0,1,-0.2,-0.326
196,2003,NBA,1,17,PHO,_arko _abarkapa,22.041,F,rs,NA,2004,2006,150,10.3,4.3,2.1,0.6,0.2,0.2,0.427,0.457,0.273,0.733,1.1,0.035
197,2003,NBA,1,18,NOH,David West,22.306,F-C,us,Xavier,2004,2018,1034,28.2,13.6,6.4,2.2,0.7,0.8,0.495,0.499,0.265,0.817,85.9,0.141
198,2003,NBA,1,19,UTA,Sasha Pavlovi_,19.228,G-F,me,NA,2004,2013,567,15.7,4.9,1.8,0.9,0.5,0.2,0.404,0.433,0.346,0.673,7,0.038
199,2003,NBA,1,20,BOS,Dahntay Jones,22.186,G-F,us,Duke,2004,2017,624,15.7,5.4,1.7,0.8,0.4,0.2,0.439,0.454,0.329,0.751,9.9,0.048
200,2003,NBA,1,21,ATL,Boris Diaw,21.076,F-C,fr,NA,2004,2017,1064,27,8.6,4.4,3.5,0.6,0.5,0.493,0.529,0.336,0.717,51.6,0.086
201,2003,NBA,1,22,NJN,Zoran Planini_,20.292,G,ba,NA,2004,2006,148,10.7,3.8,1.3,1.1,0.4,0,0.405,0.447,0.289,0.677,1.5,0.046
202,2003,NBA,1,23,POR,Travis Outlaw,18.285,F,us,NA,2004,2014,622,20.9,8.5,3.2,0.8,0.5,0.6,0.423,0.447,0.337,0.744,16.5,0.061
203,2003,NBA,1,24,LAL,Brian Cook,22.209,F,us,Illinois,2004,2012,421,13.4,5.5,2.6,0.6,0.3,0.3,0.439,0.467,0.382,0.783,10.2,0.086
204,2003,NBA,1,25,DET,Carlos Delfino,20.306,G,ar,NA,2005,2013,507,22.8,8.1,3.6,1.7,0.9,0.2,0.401,0.438,0.365,0.758,22.5,0.093
205,2003,NBA,1,26,MIN,Ndudi Ebi,19.012,F,gb,NA,2004,2005,19,4.5,2.1,1,0.2,0.1,0.3,0.486,0.5,0,0.462,0.1,0.051
206,2003,NBA,1,27,MEM,Kendrick Perkins,18.232,C,us,NA,2004,2018,782,21.9,5.4,5.8,1,0.3,1.2,0.53,0.532,0,0.594,27.9,0.078
207,2003,NBA,1,28,SAS,Leandro Barbosa,20.215,G,br,NA,2004,2017,850,21.6,10.6,2,2.1,0.8,0.1,0.459,0.498,0.387,0.821,37.4,0.098
208,2003,NBA,1,29,DAL,Josh Howard,23.064,F-G,us,Wake Forest,2004,2013,507,30.3,14.3,5.7,1.6,1,0.5,0.448,0.471,0.332,0.77,38,0.119
209,2002,NBA,1,1,HOU,Yao Ming,21.292,C,cn,NA,2003,2011,486,32.5,19,9.2,1.6,0.4,1.9,0.524,0.525,0.2,0.833,65.9,0.2
210,2002,NBA,1,2,CHI,Jay Williams,20.294,G,us,Duke,2003,2003,75,26.1,9.5,2.6,4.7,1.1,0.2,0.399,0.431,0.322,0.64,0.8,0.02
211,2002,NBA,1,3,GSW,Mike Dunleavy,21.289,F-G,us,Duke,2003,2017,986,27.7,11.2,4.3,2.2,0.7,0.3,0.441,0.481,0.377,0.803,58.5,0.103
212,2002,NBA,1,4,MEM,Drew Gooden,20.28,F,us,Kansas,2003,2016,790,25.5,11,7.1,1.1,0.7,0.6,0.462,0.471,0.257,0.76,43.9,0.105
213,2002,NBA,1,5,DEN,Nikoloz Tskitishvili,19.078,F,ge,NA,2003,2006,172,11.3,2.9,1.8,0.7,0.3,0.3,0.304,0.332,0.235,0.73,-1.6,-0.039
214,2002,NBA,1,6,CLE,Dajuan Wagner,19.147,G,us,Memphis,2003,2007,103,21.4,9.4,1.4,1.9,0.7,0.1,0.366,0.385,0.321,0.77,0,0
215,2002,NBA,1,7,NYK,Nenê Hilário,19.291,F-C,br,NA,2003,2019,965,26.2,11.3,6,1.8,1.1,0.7,0.548,0.551,0.132,0.66,73.3,0.139
216,2002,NBA,1,8,LAC,Chris Wilcox,19.301,F,us,Maryland,2003,2013,628,19.9,8.2,4.9,0.7,0.5,0.4,0.541,0.543,0,0.643,26.9,0.103
217,2002,NBA,1,9,PHO,Amar'e Stoudemire,19.227,F-C,us,NA,2003,2016,846,31,18.9,7.8,1.2,0.8,1.2,0.537,0.54,0.236,0.761,92.5,0.169
218,2002,NBA,1,10,MIA,Caron Butler,22.11,F,us,UConn,2003,2016,881,32.2,14.1,5,2.3,1.3,0.2,0.434,0.456,0.348,0.847,50.9,0.086
219,2002,NBA,1,11,WAS,Jared Jeffries,20.218,F,us,Indiana,2003,2013,629,21.6,4.8,4.1,1.3,0.7,0.5,0.426,0.447,0.25,0.583,13.1,0.046
220,2002,NBA,1,12,LAC,Melvin Ely,24.061,C,us,Fresno State,2003,2014,375,16,5.3,3.2,0.7,0.3,0.6,0.46,0.461,0,0.625,4,0.032
221,2002,NBA,1,13,MIL,Marcus Haislip,21.191,F,us,Tennessee,2003,2010,89,9.6,3.5,1.5,0.2,0.2,0.4,0.437,0.444,0.35,0.659,0.5,0.026
222,2002,NBA,1,14,IND,Fred Jones,23.113,G-F,us,Oregon,2003,2009,430,24,7.5,2.2,2.3,0.8,0.3,0.411,0.445,0.353,0.809,16.5,0.077
223,2002,NBA,1,15,HOU,Bo_tjan Nachbar,21.363,F,si,NA,2003,2008,317,17.8,7.1,2.6,0.9,0.4,0.3,0.406,0.433,0.375,0.784,8.7,0.074
224,2002,NBA,1,16,PHI,Ji_í Welsch,22.156,G,cz,NA,2003,2006,247,18.6,6.1,2.4,1.5,0.8,0.1,0.403,0.425,0.343,0.752,5.7,0.059
225,2002,NBA,1,17,WAS,Juan Dixon,23.266,G,us,Maryland,2003,2009,436,19.5,8.4,1.9,1.8,0.8,0.1,0.413,0.442,0.341,0.833,6.1,0.034
226,2002,NBA,1,18,ORL,Curtis Borchardt,21.291,C,us,Stanford,2004,2005,83,13.5,3.1,3.3,0.8,0.2,0.6,0.421,0.423,0,0.742,1,0.041
227,2002,NBA,1,19,UTA,Ryan Humphrey,22.343,F,us,Notre Dame,2003,2005,85,9.1,2.3,2.2,0.2,0.2,0.2,0.344,0.348,0,0.539,-0.4,-0.027
228,2002,NBA,1,20,TOR,Kareem Rush,21.244,G,us,Missouri,2003,2010,346,17.2,6.4,1.7,1,0.4,0.2,0.4,0.425,0.358,0.703,1.7,0.013
229,2002,NBA,1,21,POR,Qyntel Woods,21.135,F,us,Northeast Mississippi Community College,2003,2006,167,12.3,4.1,2.3,0.6,0.4,0.2,0.452,0.47,0.357,0.603,1.4,0.032
230,2002,NBA,1,22,PHO,Casey Jacobsen,21.104,G-F,us,Stanford,2003,2008,287,18.5,5.2,1.8,1.1,0.4,0.1,0.393,0.433,0.352,0.769,6.2,0.056
231,2002,NBA,1,23,DET,Tayshaun Prince,22.124,F,us,Kentucky,2003,2016,1017,31,11.1,4.3,2.4,0.6,0.5,0.455,0.47,0.367,0.756,63.1,0.096
232,2002,NBA,1,24,NJN,Nenad Krsti_,18.341,C,rs,NA,2005,2011,419,25.2,10,5.4,0.8,0.4,0.7,0.494,0.495,0.143,0.73,21.5,0.098
233,2002,NBA,1,25,DEN,Frank Williams,22.127,G,us,Illinois,2003,2005,86,11.1,2.9,0.9,1.9,0.4,0.1,0.352,0.376,0.3,0.833,0.1,0.003
234,2002,NBA,1,26,SAS,John Salmons,22.202,G,us,Miami (FL),2003,2015,895,26.4,9.3,2.9,2.4,0.8,0.3,0.431,0.457,0.366,0.799,33.9,0.069
235,2002,NBA,1,27,LAL,Chris Jefferies,22.139,G-F,us,Fresno State,2003,2004,72,12,3.9,1.2,0.4,0.3,0.3,0.383,0.394,0.365,0.667,-0.5,-0.03
236,2002,NBA,1,28,SAC,Dan Dickau,23.289,G,us,Gonzaga,2003,2008,300,15.4,5.8,1.4,2.5,0.5,0,0.401,0.432,0.341,0.831,5.9,0.061
237,2001,NBA,1,1,WAS,Kwame Brown,19.114,F,us,NA,2002,2013,607,22.1,6.6,5.5,0.9,0.5,0.6,0.492,0.493,0.111,0.57,20.8,0.074
238,2001,NBA,1,2,LAC,Tyson Chandler,18.273,C,us,NA,2002,2020,1160,27.3,8.2,9,0.8,0.5,1.2,0.597,0.598,0,0.644,102.1,0.155
239,2001,NBA,1,3,ATL,Pau Gasol,20.361,F-C,es,NA,2002,2019,1226,33.4,17,9.2,3.2,0.5,1.6,0.507,0.512,0.368,0.753,144.1,0.169
240,2001,NBA,1,4,CHI,Eddy Curry,18.209,C,us,NA,2002,2013,527,24.9,12.9,5.2,0.5,0.3,0.7,0.545,0.544,1,0.642,21.7,0.08
241,2001,NBA,1,5,GSW,Jason Richardson,20.163,G,us,Michigan State,2002,2015,857,34.1,17.1,5,2.7,1.2,0.4,0.438,0.474,0.37,0.707,59.1,0.097
242,2001,NBA,1,6,MEM,Shane Battier,22.297,F,us,Duke,2002,2014,977,30.7,8.6,4.2,1.8,1,0.9,0.437,0.486,0.384,0.743,75.7,0.121
243,2001,NBA,1,7,NJN,Eddie Griffin,19.033,F-C,us,Seton Hall,2002,2007,303,22.2,7.2,5.8,0.8,0.3,1.7,0.377,0.408,0.315,0.671,10.9,0.078
244,2001,NBA,1,8,CLE,DeSagana Diop,19.153,C,sn,NA,2002,2013,601,14,2,3.7,0.4,0.4,1,0.427,0.429,0.167,0.467,12.8,0.073
245,2001,NBA,1,9,DET,Rodney White,21.004,F,us,UNC Charlotte,2002,2005,218,15.4,7.1,2.2,1.1,0.5,0.3,0.424,0.452,0.314,0.749,1.8,0.026
246,2001,NBA,1,10,BOS,Joe Johnson,20.003,G-F,us,Arkansas,2002,2018,1276,34.7,16,4,3.9,0.8,0.2,0.441,0.472,0.371,0.802,82.8,0.09
247,2001,NBA,1,11,BOS,Kedrick Brown,20.106,G,us,Okaloosa-Walton Community College,2002,2005,143,13.5,3.6,2.4,0.7,0.6,0.2,0.405,0.471,0.274,0.64,3,0.074
248,2001,NBA,1,12,SEA,Vladimir Radmanovi_,20.225,F,ba,NA,2002,2013,737,21.9,8,3.8,1.4,0.7,0.4,0.415,0.451,0.378,0.758,26.5,0.079
249,2001,NBA,1,13,HOU,Richard Jefferson,21.011,F,us,Arizona,2002,2018,1181,29,12.6,4,2,0.7,0.3,0.464,0.493,0.376,0.768,83,0.116
250,2001,NBA,1,14,GSW,Troy Murphy,21.061,F-C,us,Notre Dame,2002,2013,729,27.3,10.8,7.8,1.5,0.7,0.4,0.445,0.464,0.388,0.785,50.3,0.121
251,2001,NBA,1,15,ORL,Steven Hunter,19.244,C,us,DePaul,2002,2010,400,15,4.5,3.2,0.2,0.1,1.1,0.56,0.56,0,0.485,10.6,0.085
252,2001,NBA,1,16,CHH,Kirk Haston,22.115,F,us,Indiana,2002,2003,27,5,1.2,1,0.3,0,0.2,0.232,0.26,0,0.5,-0.5,-0.197
253,2001,NBA,1,17,TOR,Michael Bradley,22.076,F-C,us,Villanova,2002,2006,173,11.7,2.8,3.4,0.5,0.1,0.3,0.477,0.488,0.143,0.511,2,0.047
254,2001,NBA,1,18,HOU,Jason Collins,22.213,C,us,Stanford,2002,2014,735,20.4,3.6,3.7,0.9,0.5,0.5,0.411,0.414,0.206,0.647,20.1,0.064
255,2001,NBA,1,19,POR,Zach Randolph,19.351,F-C,us,Michigan State,2002,2018,1116,31,16.6,9.1,1.8,0.7,0.3,0.471,0.481,0.273,0.764,81.1,0.112
256,2001,NBA,1,20,CLE,Brendan Haywood,21.218,C,us,UNC,2002,2015,816,22.9,6.8,6,0.5,0.4,1.4,0.528,0.528,0,0.587,43.8,0.113
257,2001,NBA,1,21,BOS,Joseph Forte,20.101,G,us,UNC,2002,2003,25,5,1.2,0.7,0.7,0.2,0,0.234,0.268,0,0.8,-0.4,-0.166
258,2001,NBA,1,22,ORL,Jeryl Sasser,22.14,G,us,SMU,2002,2003,82,12.9,2.5,2.3,0.8,0.6,0.1,0.303,0.305,0.295,0.687,0.7,0.032
259,2001,NBA,1,23,HOU,Brandon Armstrong,21.016,G,us,Pepperdine,2002,2004,108,6.5,2.2,0.6,0.2,0.2,0,0.352,0.358,0.333,0.6,-0.6,-0.039
260,2001,NBA,1,24,UTA,Raül López,21.078,G,es,NA,2004,2005,113,18.9,6.5,1.7,3.8,0.7,0,0.429,0.45,0.346,0.853,2.1,0.047
261,2001,NBA,1,25,SAC,Gerald Wallace,18.344,F,us,Alabama,2002,2015,832,29.7,11.9,5.8,2.1,1.4,0.8,0.469,0.502,0.312,0.709,59.7,0.116
262,2001,NBA,1,26,PHI,Samuel Dalembert,20.053,C,ht,Seton Hall,2002,2015,886,24.4,7.7,7.8,0.5,0.5,1.7,0.521,0.522,0.083,0.706,51.3,0.114
263,2001,NBA,1,27,MEM,Jamaal Tinsley,23.125,G,us,Iowa State,2002,2014,547,26.4,8.5,2.9,6.1,1.4,0.3,0.393,0.432,0.299,0.716,17.2,0.057
264,2001,NBA,1,28,SAS,Tony Parker,19.046,G,be,NA,2002,2019,1254,30.5,15.5,2.7,5.6,0.8,0.1,0.491,0.51,0.324,0.751,111.3,0.14
265,2000,NBA,1,1,NJN,Kenyon Martin,22.186,F,us,Cincinnati,2001,2015,757,30.6,12.3,6.8,1.9,1.2,1.1,0.483,0.492,0.234,0.629,48,0.1
266,2000,NBA,1,2,VAN,Stromile Swift,20.225,F,us,LSU,2001,2009,547,19.8,8.4,4.6,0.5,0.6,1.2,0.473,0.476,0.074,0.699,21.3,0.095
267,2000,NBA,1,3,LAC,Darius Miles,18.267,F,us,NA,2001,2009,446,26.3,10.1,4.9,1.9,0.9,1.1,0.472,0.482,0.168,0.59,9.5,0.039
268,2000,NBA,1,4,CHI,Marcus Fizer,21.328,F,us,Iowa State,2001,2006,289,20.9,9.6,4.6,1.2,0.5,0.3,0.435,0.446,0.191,0.691,2.7,0.022
269,2000,NBA,1,5,ORL,Mike Miller,20.135,F-G,us,Florida,2001,2017,1032,26.9,10.6,4.2,2.6,0.6,0.2,0.459,0.502,0.407,0.769,60.7,0.105
270,2000,NBA,1,6,ATL,DerMarr Johnson,20.059,F,us,Cincinnati,2001,2008,344,17.2,6.2,2.2,0.9,0.6,0.4,0.411,0.469,0.336,0.789,6.4,0.052
271,2000,NBA,1,7,CHI,Chris Mihm,20.353,C,us,Texas,2001,2009,436,20.1,7.5,5.3,0.5,0.3,1,0.459,0.46,0.231,0.704,13.3,0.073
272,2000,NBA,1,8,CLE,Jamal Crawford,20.105,G,us,Michigan,2001,2019,1326,29.4,14.6,2.2,3.4,0.9,0.2,0.41,0.449,0.348,0.862,60.6,0.075
273,2000,NBA,1,9,HOU,Joel Przybilla,20.267,C,us,Minnesota,2001,2013,592,19.8,3.9,6.2,0.4,0.3,1.4,0.552,0.553,0,0.557,23,0.094
274,2000,NBA,1,10,ORL,Keyon Dooling,20.056,G,us,Missouri,2001,2013,728,19.4,7,1.3,2.2,0.6,0.1,0.416,0.443,0.349,0.799,18.5,0.063
275,2000,NBA,1,11,BOS,Jérôme Moïso,22.019,F-C,fr,UCLA,2001,2005,145,9.6,2.7,2.7,0.3,0.3,0.5,0.489,0.494,0,0.593,2.1,0.074
276,2000,NBA,1,12,DAL,Etan Thomas,22.094,F,us,Syracuse,2002,2011,409,17.3,5.7,4.7,0.4,0.3,1,0.513,0.513,,0.603,14.9,0.101
277,2000,NBA,1,13,ORL,Courtney Alexander,23.068,G,us,Fresno State,2001,2003,187,21.7,9,2.2,1.2,0.6,0.1,0.422,0.429,0.339,0.813,4.1,0.048
278,2000,NBA,1,14,DET,Mateen Cleaves,22.3,G,us,Michigan State,2001,2006,167,11.2,3.6,1,1.9,0.4,0,0.389,0.399,0.267,0.728,-0.8,-0.021
279,2000,NBA,1,15,MIL,Jason Collier,22.299,C,us,Georgia Tech,2001,2005,151,14.4,5.6,2.9,0.3,0.2,0.2,0.455,0.458,0.35,0.738,1.9,0.042
280,2000,NBA,1,16,SAC,Hedo Türko_lu,21.107,F,tr,,2001,2015,997,26.8,11.1,4,2.8,0.8,0.3,0.426,0.45,0.384,0.784,63.3,0.114
281,2000,NBA,1,17,SEA,Desmond Mason,22.266,F,us,Oklahoma State,2001,2010,643,30.5,12.1,4.5,1.6,0.7,0.4,0.449,0.456,0.26,0.74,23.1,0.056
282,2000,NBA,1,18,LAC,Quentin Richardson,20.081,G,us,DePaul,2001,2013,783,26.5,10.3,4.7,1.5,0.8,0.2,0.397,0.431,0.355,0.718,32.8,0.076
283,2000,NBA,1,19,CHH,Jamaal Magloire,22.044,C,ca,Kentucky,2001,2012,680,21.5,7.2,6.5,0.6,0.3,0.9,0.48,0.481,0,0.639,27.7,0.091
284,2000,NBA,1,20,PHI,Speedy Claxton,22.057,G,us,Hofstra,2002,2009,334,25.6,9.3,2.5,4.3,1.5,0.1,0.409,0.428,0.193,0.762,14.2,0.08
285,2000,NBA,1,21,TOR,Morris Peterson,22.312,F,us,Michigan State,2001,2011,711,27.2,10.7,3.5,1.5,0.9,0.2,0.418,0.45,0.373,0.773,35.7,0.089
286,2000,NBA,1,22,NYK,Donnell Harvey,19.311,F,us,Florida,2001,2005,205,16.2,5.6,4,0.8,0.5,0.4,0.46,0.464,0.1,0.659,4.7,0.069
287,2000,NBA,1,23,UTA,DeShawn Stevenson,19.091,G,us,NA,2001,2013,824,22.3,7.2,2.2,1.6,0.5,0.2,0.406,0.433,0.34,0.698,12.1,0.032
288,2000,NBA,1,24,CHI,Dalibor Bagari_,20.147,C,de,NA,2001,2003,95,10.2,2.6,2.5,0.4,0.3,0.5,0.361,0.363,0,0.559,-0.9,-0.043
289,2000,NBA,1,25,PHO,Jake Tsakalidis,21.024,C,ge,NA,2001,2007,315,15.9,4.8,3.9,0.3,0.2,0.7,0.49,0.49,0,0.657,9.9,0.095
290,2000,NBA,1,26,DEN,Mamadou N'Diaye,25.019,C,sn,Auburn,2001,2005,69,12.4,3.8,3.3,0.1,0.2,0.9,0.427,0.429,0,0.736,1.8,0.101
291,2000,NBA,1,27,IND,Primo_ Brezec,20.275,C,si,NA,2002,2010,342,18.1,7.2,3.9,0.5,0.2,0.4,0.498,0.499,0.167,0.701,10.8,0.084
292,2000,NBA,1,28,POR,Erick Barkley,22.133,G,us,St. John's,2001,2002,27,9.9,2.9,0.8,1.5,0.7,0,0.356,0.373,0.267,0.9,0.2,0.027
293,2000,NBA,1,29,LAL,Mark Madsen,24.158,F,us,Stanford,2001,2009,453,11.8,2.2,2.6,0.4,0.3,0.2,0.457,0.465,0.063,0.527,8.2,0.074